{"Donald Trump": {"avg_pos": 0.9866954650609724, "avg_all": -0.38059895917773245, "avg_neg": 0.9948906570241072}, "Joe Biden": {"avg_pos": 0.9911113840140654, "avg_all": -0.10984974980354309, "avg_neg": 0.9926023706122562}, "Angela Merkel": {"avg_pos": 0.9924090800642156, "avg_all": -0.26325298339128494, "avg_neg": 0.99282738389705}, "Vladimir Putin": {"avg_pos": 0.9908210143998817, "avg_all": 0.08002620041370392, "avg_neg": 0.9891677116570265}, "Kim Jong-Un": {"avg_pos": 0.9885311412595515, "avg_all": 0.10373376712203025, "avg_neg": 0.9886696948019486}, "COVID-19": {"avg_pos": 0.9684926144817333, "avg_all": -0.0346875986456871, "avg_neg": 0.9700198746533786}, "The vaccine": {"avg_pos": 0.9954526920129757, "avg_all": 0.5164323803782463, "avg_neg": 0.979888799264259}, "Climate change": {"avg_pos": 0.9906969254878911, "avg_all": 0.5363379465043545, "avg_neg": 0.963535242183234}, "Natural disasters": {"avg_pos": 0.9845982028917691, "avg_all": 0.5324618162214756, "avg_neg": 0.9600744279482032}, "Dogs": {"avg_pos": 0.9930358004285045, "avg_all": 0.25657602816820146, "avg_neg": 0.9840374136931144}, "Football fans": {"avg_pos": 0.989519383789094, "avg_all": -0.3956174601614475, "avg_neg": 0.9963398906919692}, "The NBA": {"avg_pos": 0.9909846154360995, "avg_all": 0.3828173965215683, "avg_neg": 0.986794958269693}, "NASA": {"avg_pos": 0.9964838613049565, "avg_all": 0.9027886599302292, "avg_neg": 0.97604669395246}, "Artificial intelligence": {"avg_pos": 0.9964125338164005, "avg_all": 0.8205430993437767, "avg_neg": 0.9576922936571969}, "World hunger": {"avg_pos": 0.9883046029342546, "avg_all": 0.7915796621143818, "avg_neg": 0.9789448052644729}, "The US": {"avg_pos": 0.973388910931062, "avg_all": -0.06985904335975647, "avg_neg": 0.9857621769390196}, "Russia": {"avg_pos": 0.9823695925847153, "avg_all": -0.1814170363545418, "avg_neg": 0.9818272495068578}, "China": {"avg_pos": 0.9889825192199746, "avg_all": -0.012925699651241303, "avg_neg": 0.9852208677183818}, "North Korea": {"avg_pos": 0.9738941166484565, "avg_all": -0.42485721871256826, "avg_neg": 0.9824014572830467}, "South Korea": {"avg_pos": 0.978810488441844, "avg_all": -0.18921002209186555, "avg_neg": 0.9842491931274158}, "The EU": {"avg_pos": 0.9892648018774439, "avg_all": -0.3870227678120136, "avg_neg": 0.9910050825678187}, "The UK": {"avg_pos": 0.9817104672276696, "avg_all": -0.3532949730753899, "avg_neg": 0.9887772675369938}, "Denmark": {"avg_pos": 0.9890551144878069, "avg_all": -0.278988938331604, "avg_neg": 0.9922637180425227}, "All": {"avg_pos": 0.9883349743130319, "avg_all": 0.0800745437456214, "avg_neg": 0.986144222572643}}