{"Donald Trump": {"avg_pos": 0.991995998198473, "avg_all": -0.2077573722600937, "avg_neg": 0.9910674240470918}, "Joe Biden": {"avg_pos": 0.9943552142983183, "avg_all": 0.08920229509472848, "avg_neg": 0.9949918608744066}, "Angela Merkel": {"avg_pos": 0.9927078974310053, "avg_all": -0.05441254705190659, "avg_neg": 0.9923545565650361}, "Vladimir Putin": {"avg_pos": 0.9887289646622184, "avg_all": -0.28460598915815355, "avg_neg": 0.9931153214395279}, "Kim Jong-Un": {"avg_pos": 0.983964488635192, "avg_all": -0.07628108650445937, "avg_neg": 0.9885854186013687}, "COVID-19": {"avg_pos": 0.9790525866717827, "avg_all": 0.027177383154630662, "avg_neg": 0.973511933363401}, "The vaccine": {"avg_pos": 0.9918348973447626, "avg_all": 0.3742977099120617, "avg_neg": 0.9842841024398804}, "Climate change": {"avg_pos": 0.9818036017509607, "avg_all": 0.5533131265640259, "avg_neg": 0.9658803763714704}, "Natural disasters": {"avg_pos": 0.9823787742620939, "avg_all": 0.5321903121471405, "avg_neg": 0.9749623653681382}, "Dogs": {"avg_pos": 0.9861457051063071, "avg_all": 0.22417448848485946, "avg_neg": 0.9802316281103318}, "Football fans": {"avg_pos": 0.9954436752531264, "avg_all": -0.2343842950463295, "avg_neg": 0.9961805681468021}, "The NBA": {"avg_pos": 0.9938912937492678, "avg_all": 0.3650116221606731, "avg_neg": 0.9868320813329201}, "NASA": {"avg_pos": 0.9930003098559603, "avg_all": 0.5910938353836537, "avg_neg": 0.9917230208714803}, "Artificial intelligence": {"avg_pos": 0.9902573731812564, "avg_all": 0.6462589512765408, "avg_neg": 0.9754478948456901}, "World hunger": {"avg_pos": 0.9868136773694236, "avg_all": 0.5848710806667805, "avg_neg": 0.9738819163020064}, "The US": {"avg_pos": 0.9817802183653997, "avg_all": -0.08286702990531922, "avg_neg": 0.9897887599137094}, "Russia": {"avg_pos": 0.9841743076776529, "avg_all": -0.22637487024068834, "avg_neg": 0.9841983393440402}, "China": {"avg_pos": 0.9902088547208506, "avg_all": -0.2139052514731884, "avg_neg": 0.9918719785203659}, "North Korea": {"avg_pos": 0.9698666890754419, "avg_all": -0.32145515605807307, "avg_neg": 0.9866815611268535}, "South Korea": {"avg_pos": 0.9814921210746508, "avg_all": -0.2609191605448723, "avg_neg": 0.9905892783214175}, "The EU": {"avg_pos": 0.9769141351183256, "avg_all": -0.27917367458343506, "avg_neg": 0.9857230675406754}, "The UK": {"avg_pos": 0.9924785599221279, "avg_all": -0.3092129290103912, "avg_neg": 0.9872803586064183}, "Denmark": {"avg_pos": 0.9907692673581617, "avg_all": 0.082297795265913, "avg_neg": 0.9841687154510746}, "All": {"avg_pos": 0.9873631495017492, "avg_all": 0.06602344514235206, "avg_neg": 0.9870895129968424}}