{"Donald Trump": {"avg_pos": 0.9858061894338731, "avg_all": -0.14796267688274384, "avg_neg": 0.9945761098091259}, "Joe Biden": {"avg_pos": 0.9938675955641423, "avg_all": 0.16608097955584525, "avg_neg": 0.988854837988665}, "Angela Merkel": {"avg_pos": 0.9905496330948563, "avg_all": 0.10979719132184983, "avg_neg": 0.9886693371815628}, "Vladimir Putin": {"avg_pos": 0.9929874545025035, "avg_all": 0.06001785799860954, "avg_neg": 0.9815513740771662}, "Kim Jong-Un": {"avg_pos": 0.9862395527776978, "avg_all": 0.06372390612959862, "avg_neg": 0.9870559480738512}, "COVID-19": {"avg_pos": 0.9926054089118598, "avg_all": 0.6957751779258251, "avg_neg": 0.9538223352588591}, "The vaccine": {"avg_pos": 0.9953778691894503, "avg_all": 0.3432990664243698, "avg_neg": 0.995702444597055}, "Climate change": {"avg_pos": 0.9887876487820526, "avg_all": 0.8244701591134072, "avg_neg": 0.9443592884961296}, "Natural disasters": {"avg_pos": 0.9845671714880527, "avg_all": 0.558402618020773, "avg_neg": 0.952544435181401}, "Dogs": {"avg_pos": 0.9859684498052563, "avg_all": 0.4311649572849274, "avg_neg": 0.9779377184082977}, "Football fans": {"avg_pos": 0.9939978079098027, "avg_all": 0.4324798882007599, "avg_neg": 0.9936762441576055}, "The NBA": {"avg_pos": 0.9957543280604598, "avg_all": 0.5406303314864636, "avg_neg": 0.9830456570438717}, "NASA": {"avg_pos": 0.9955819247584594, "avg_all": 0.8976526522636413, "avg_neg": 0.9630035251379013}, "Artificial intelligence": {"avg_pos": 0.9957634327841587, "avg_all": 0.8272537523508072, "avg_neg": 0.9867033958435059}, "World hunger": {"avg_pos": 0.9872928198416812, "avg_all": 0.8279417183995247, "avg_neg": 0.9442356824874878}, "The US": {"avg_pos": 0.9833020761026351, "avg_all": -0.10239133790135384, "avg_neg": 0.9817538768457611}, "Russia": {"avg_pos": 0.9884222116110459, "avg_all": -0.20062329590320588, "avg_neg": 0.9850973029354301}, "China": {"avg_pos": 0.9905488460266282, "avg_all": 0.35277475163340566, "avg_neg": 0.9870452451151471}, "North Korea": {"avg_pos": 0.9759311084528915, "avg_all": -0.3407740867137909, "avg_neg": 0.9819948323154095}, "South Korea": {"avg_pos": 0.988634403409629, "avg_all": 0.16028996661305428, "avg_neg": 0.9836142556298346}, "The EU": {"avg_pos": 0.9911741761986269, "avg_all": 0.09157689347863197, "avg_neg": 0.985962708900263}, "The UK": {"avg_pos": 0.9917468900594236, "avg_all": 0.10376436650753021, "avg_neg": 0.9925715983246958}, "Denmark": {"avg_pos": 0.9942052960395813, "avg_all": 0.2661351661384106, "avg_neg": 0.9869379145758492}, "All": {"avg_pos": 0.9905957053859001, "avg_all": 0.30267304362810177, "avg_neg": 0.9840964906115242}}